Topic,Count,Name,Representation,Representative_Docs
-1,1167,-1_君_僕_今_いつ,"['君', '僕', '今', 'いつ', 'あなた', '何', '誰', 'いい', '時', '心', '日', '夢', 'それ', '見る', '行く', '手', 'くれる', '私', '人', '事', 'you', '愛', '生きる', '中', '胸', '今日', '言う', '笑う', 'まま', '空']","['君を苦しみから救う為に 僕は生きて来たんだろう 例え君が悪い奴だって 僕は構わないよ... 君の弱さを守る為に 僕は生まれて来たんだろう 例え君が望まなくたって それが運命だから またどうしようもない事ばかりかい？ 呆れ 助ける手だて 方法もない でも君が泣くならば 僕が笑おう 君がそうならば 僕が変わろう 甘えりゃいい 強がるもいい 君は君のままであるといい ただ言葉いらない 飾らないし そりゃたまには あるさ上がらない日 ならなってやろう僕は君の太陽 上向いて歩けば最高 君の元を皆が離れ 別れても 変わらぬままで まるで光と陰 揺れ動く心は雨のち晴れ その君の心の痛みとばす 僕は君 照らす 光となる 君を苦しみから救う為に 僕は生きて来たんだろう 例え君が悪い奴だって 僕は構わないよ... 君の弱さを守る為に 僕は生まれて来たんだろう 例え君が望まなくたって それが運命だから どーにかまぁなるもんさ どーしょもないなら 僕が 何があるかわからないが この先僕ら何も変わらない 甘えたい時は甘えて 君の為なら支えて 何でもいい 話してくれ だけど 最後は 答えだしてくれ 迷っても そこで何か見える 迷ってる君に何か言える 逃げる口実 やめて言い訳 残す後悔の日々だけ 落ちれば上がる 巡りあわせ ダメなら次のカード 捲り直せ 互いで僕らはプラマイゼロ こんなくだらん時間に say to hello すれ違った 陰と陽 はき違えた 昨日と今日 言葉が たりなすぎて 言葉じゃ 伝わらなくて 悲しみや 苦しみは so long いつか羽ばたく日の滑走路 乗り越えた先 広がる未来で 君と僕が 生まれ変わる為に 笑いあえる為に 許しあえる為に 愛しあえる為に 君の言葉を信じる度に 僕は疲れていたんだよ たとえ嘘と気付いていたって 君を責めやしないよ 君の弱さを守る為に 僕は生まれて来たんだろ 例え君が悪い奴だって... それが運命だから 出会いから何年？ 笑って泣いて 次第に互い わかってく相手 何年だって 経っていたって 気付けば僕らはそばに居たって 時に僕は君の行く道照らす 僕が迷えば君が道描く 関係はまるで陰と陽 心で触れあい 真を問う', '君と出会ったのは偶然だとかそうじゃないとかはいい そりゃ君が好きだから 今の君が全てだから 君と出会うまでの記憶など僕のモノじゃなくていい 君を好きな僕だから そんな僕が好きだから 「そんなのカバだよ」と君は笑うけど そりゃほっぺ「ポッ」てなっちまってほいで 愛だ恋だなんじゃもんじゃ食って でも言える 嘘ない僕の「愛してる」 眩しかった心を 君は恥ずかしがって隠すけど きっとそういうもんじゃないんだよ 開いて 包んでみてよ 誰がなんて言ったって 人は人を愛するんだって それが一番気持ちいいんだって 僕は思うわけです 君と出会うまでの奇跡など 僕のモノじゃなくていい 君のために使いたい そんな奇跡に会いたい この想いが 消える時は この僕がこの世から消える時 こんなことさえ言えちゃう 君と僕が好きだから 「そんなのハゲだよ」と君は洩らすけど まずハゲてねぇし フッサフッサだし あっちそっちどっちモンチッチー どこで何やってる?君の「愛している」 汚しちゃった言葉が いつか僕を輝かせるんだ 君のために使う「愛している」 このためにあった言葉 隠しちゃった心は いつのまにか君が持っていて 二人キスする時 僕が目を閉じている隙に そっと唇に戻してくれるんだ 眩しかった想いが いつか僕だけにハニかむんだ きっとそういうふうなもんなんだ そのための今なんです 僕は思うわけです そうやって死んでいきたいです', '僕は笑いたいんだ 君も笑いたいんだよね なのに 時に僕たちは認め合えなくて 嫌になるよね 僕は大丈夫さ 君も大丈夫かな? 不安で生きるのは辛いけど 僕には君がいるから 今 ここで出会えたのは何故 ? 時の運命(さだめ)? 僕たちの為? ただ君の為に小さな力で 何が出来るか考えると幸せ こんな僕だって愛されたい 君の側でそっと支えたい もっと教えて 笑顔を見せて もう一度静かに抱きしめて… 本当に僕を愛していますか? 僕は君を愛していますが それだけで幸せになる その日が 僕はとても嬉しいんだ 僕はどうすればもっと愛される? 君が喜ぶ為 何やれる? って 考えるたびに ちょっと疲れて 人と比べられる この世 生まれて 肌の色 言葉に 出来 不出来 「色んな人がいるから素敵」 そんな事言っては 君は微笑む 「僕は僕であればいい」と思える 他の誰かと僕らを比べてみたって つまらない事ぐらいは僕も解ってるんだ だから いつも笑って過ごしたいと思うんだ ah 本当に僕を愛していますか? 僕は君を愛せていますか? それさえも解らなくなる その日が 僕はとても悲しいんだ この手伸ばす ここでもらう 温もり伝わり 一つとなる たまに不安になるから 覗いてみる 僕の気持ちは 君に届いている? また 君 喜ぶ顔が見たくて 優しい君の近くに居たくて だから ありのまま受け入れて ただひたすらに 僕を抱きしめて 僕の中で いつも寝たフリをしていた心の一部が 夢の中で いつも叫んでいた僕の心の全てが 「君を好き」って言うよ 「好き」って言うよ 先はまだ続くけど 本当に僕を愛していますか? 僕は君を愛していますが それだけで幸せになる その日が 僕はとても嬉しいんだ 嬉しいんだ 新しい言葉 一つ覚えた 『ありがとう』で笑顔こぼれた 不安で悲しい日があるなら 必ず思い出すから 心の奥の温かいとこ それぞれが持つ変わらないもの そのままの君であればいい 明日を信じて待てばいい']"
0,532,0_君_あなた_僕_私,"['君', 'あなた', '僕', '私', '今', 'いい', '何', '言う', '誰', 'いつ', '愛', 'それ', '人', '心', '恋', '泣く', '日', '言葉', '知る', '愛する', 'くれる', '時', '手', '笑う', '事', '見る', 'まま', 'しまう', 'いく', '生きる']","['あなたの声があなたの顔が忘れられなくて 二人歩んだ日々は私を一人弱くする 会う度にまた惹かれてく事知ってて会いに行く それでもいいの 心が叫ぶ あなたに会いたいと 言葉ひとつそれだけでいいのに どちらとも言わないあなたを 離したくはない離れたくもない 他の誰かいても 今までの二人を思い返すとキリがない位 私のこの胸はあなたで今、一杯で歩けない どんなに二人一緒に居ても分かり合えなくて あなたが想う人は世界でたった一人だけ あなたが好きなあの娘になって聞いてみたい 「好き」と言われる事がどんなに幸せか感じたい あなたに惹かれあなたに恋して 好きだから好きのまま走って でもね、あなたは遠くなるばかり 私の気持ち知ってて 諦めたくなっても あなたまたホラ、優しくするでしょう 同じ気持ちじゃないなら そんな言葉や態度なんていらない だけど悔しい程あなたが愛しい あなたの傍にいたいどんな形でも 叶わない恋だと知っているから 気持ちはもっと熱く強くなり哀しくなり あなたの前じゃ笑う事しか出来ず 沢山の涙はあなたを想う切ない恋心 「好き」というたったそれだけの気持ちで動いた 大きな片思い', 'ああ どうか 僕に 力をください そう 迷い悩んでいつも 君を傷つけたのに また 平気なフリで あれから どれだけの涙が 今の僕を気づかせてくれたかな へたくそないい訳ばかりを繰り返してきたのに それでもずっと 君は待ってくれたよね ああ 僕だって 願いがあって 駄目な僕のまま 諦めらんない このままじゃいけないなら前へ 世界の隅で叫んでみるんだ いつまでも負けちゃいらんないよな これからは僕が君を 笑わせるなら 守れるなら 僕はheroになれるかな？ いつも 逃げてばかりいたけど、、、 いつかの僕じゃ こんな気持ちには 気づくはずもなかったよ ありがとう きっと僕ら生きていく中で 人を疑ってみたり 自分に嘘をついたり 重ねた言い訳の数だけ 誰かを守る力 無くしてく いつも通りのせわしない 日常流され 自分信じてた あの日の僕が涙 ああ 誰だって 願い叶えて 全てを手にして生きていたいけど 本当の事は すぐ近くにある 愛する人の笑顔 それがあれば 誰か任せに流されちゃ 夢は遠く離れてく 君と2人 向かう旅路 ゆっくりと ほら 歩き出した 僕らは いつもいつも いい事ばかりあるわけじゃないけど 誰かを 想い想われ そんなとき幸せと感じてる 成りたい自分はほら 君に誇れる僕だと気づいたよ 強くならなくちゃ wow 小さな勇気を 掲げて wow 今を超えよう 自分についていた嘘捨てて 願いを叶える為に さあ 行こう 君が笑ってくれるのなら 負けても負けても 立ち向かってく あの日の僕を抱きしめる もう泣かなくていいんだよ 弱さも知ってる 僕もあなたも 誰かのhero 君が 教えてくれた 勇気を', '誰かを愛せたあの時の気持ちでいつもいれたら 誰かを傷つける言葉もこの世にはなかっただろうなあ 満ちていて 枯れていて 心はいつも誰かを つきはなして また求めて いつも時のせいにして 傷つけてきた人の顔にだけモザイクをかけて また心は愛を探す 愛されるそのためだけに優しさはあると  恥ずかしがることもなく それを人と呼んだ 愛しているという声が 泣いているように聞こえた 心がいつか嘘を つくのを 僕はどこかで知っていたの もっと自分を好きになれ ってくらい人に優しい君へ 自分のために使う心 残ってるの? 僕はダメなの 僕の心 僕だけのために使うものなの こんな僕をなぜ愛しく 思えるの? (堪えて こらえて あふれて) 君のまぶたは 僕が 自分のために いつも 嘘をつくたび ただ涙こぼすの (生まれて くる前からわかっていた) 神様は知ってた 全て こうなることを そして 君の瞳大きく作ったの そこから見ていたの 知ってたの いつでも僕は僕のことを 誰より何より 一番好きなのを それなのに それなのに 君の言葉は言う こんな僕に 誰より何より 僕が愛しいと言う 君はそれを優しさと 呼ぶことさえ知らずに 君の いつだって誰かのためにあった心はいつも どれだけの自分を愛せただろう 僕に いつだって優しくしすぎていた僕はいつも どれだけの「誰かを」愛せただろう 言葉は いつもその人を映したがってた 神様は なぜこんな近くに言葉を作ったの? 心は いつも言葉に隠れ黙ってた 神様は なぜこんな深くに心を作ったの? 心と言葉が重なってたら 一つになったら いくつの君への悲しい 嘘が優しい色になってたろう (i was here to tell you why) みんなそう 自分の ためだけにいつも「誰か」がいる (you were here to tell me why) じゃあその「誰か」の ためにはなんで僕はいないの? 君はそう きっとそう 「自分より好きな人がいる」自分が好きなの 今は 言えるよ 「自分より好きな君がいる」今の僕が好き 人が人のために流す涙 それこそが愛の存在の証だ それを教えてくれたのは君だ 君が作った僕の心は 「誰がために それが僕のために」今は言えるそれがありのままに 生きてくことだと それが人なんだと 僕はそれを優しさと 呼ぶことはもうしないよ 君の いつだって誰かのためにあった心はきっと そんな自分を愛したのだろう 僕も いつかは愛せるかな 君のようになれるかな 僕は どれだけの「誰かを」愛せるかな 泣いたね 君は泣いたね 心が「泣いて」と叫ぶまま 僕を嫌いにならないように そう祈るように 君は愛したね 人を愛したね 心が枯れそうになるまで 君の分まで 君のため 枯れるまで 愛しているという声が 泣いているように聞こえた 心がいつか人を 救うのを 君はいつでも 知っていたの']"
1,160,1_僕_夢_君_今,"['僕', '夢', '君', '今', 'いつ', '自分', '未来', '誰', '何', '時', '明日', '日', '生きる', 'それ', '行く', 'wow', '見る', 'いく', 'いい', 'どこ', '心', '道', '日々', '知る', '手', '何度', 'もの', '見える', 'wow wow', '中']","['努力嫌いな俺 今日以来 遠い未来のオレ十年後の君のため 日々 地道にと 誓った手紙の中の願い でかい大人になるため 絶対限界まで走り抜けるまで 諦めずにも寝ずにも働こう あせらずとも何はともあれの今日 堂々と生きる日々 想像の中で膨らむ君の 姿 擦れた君の気持ち時を戻し伝える為の手紙 女神は? 隣にまだいるのかい 部屋には笑い声はあるのかい 幸せなら何も言うことはないが 愛があればこその君のもとへ これから十年まるで回るルーレット 同じ目は無い 同じ明日はないって言うぜ その先に立つ 君には 何が映る この先に待つ 日々には 何が続く 日に日に自分なりに一日 未来の俺に誇れるもの 磨きに 理想の地にいる君と 互いに 長い十年後の自分探す旅に 一日一歩ずつ君に近づく 君の足跡を踏む 同じ道行く つまずいても 転んでも 助けはいらない 返事もいらない 君にはなれない 俺の知らないもの あるだろうが 君の忘れてるもの あるだろうな 手紙は今読まなくていい 十年経つまでは胸の奥に まだ見たことない 未来で 勇敢に戦う 俺がいる きっとそうだろ どうなの？ 未来の俺らの 状況は！？ まだ見たことない 未来で 勇敢に戦う 俺がいる きっとそうだろ どうなの？ 未来のみんなの 状況は！？ でかい未来に期待抱いて いるだろうか十年後中年の俺 惚れ惚れするほどに 俺 どれほどの男に なってるのか 今この俺に 勝ってるのか 優しく俺を そこで 待ってるのか 一、二、三年じゃ足んねぇ わかんねぇ あと何年 頑張って辿り着ける感銘 半生 振り返りゃピントずれたヒント 行き先は誰も知らねぇ 神様もきっと 全ては決まってるさ なんて君は言う 嗚呼くだらない つまらないし 心埋まらない つまらない 小せぇ人生より 綱渡りの人生で 憂さ晴らし 俺はそれがいい あえて知らないページ 俺がめくろう 誰も知らないレール 俺が築こう まだ見たことない 未来で 勇敢に戦う 俺がいる きっとそうだろ どうなの？ 未来の俺らの 状況は！？ まだ見たことない 未来で 勇敢に戦う 俺がいる きっとそうだろ どうなの？ 未来のみんなの 状況は！？ 俺は走ってるのか 走り続けてるのか どこまで行けば君に追いつけるのか すべて知る君 時埋めてく意味 そっちはどうなの? こっちはもう 何て聞きたい 言いたいんだそこで生きてたい 君からもきっとピントずれたヒントそんなもんは 知らねぇいらねぇ 俺は俺 行き先は不明さ風に任せて この先の前途多難も これまでの楽しみや我慢も すべて知る君なら 俺の気持ちにまた 答えても耐えてもくれるだろ この先の前途多難も これまでの楽しみや我慢も 俺の生きる意味なら 先の道のりから 答えの無い未来へと続くだろ まだ見たことない 未来で 勇敢に戦う 俺がいる きっとそうだろ どうなの？ 未来の俺らの 状況は！？ まだ見たことない 未来で 勇敢に戦う 俺がいる きっとそうだろ どうなの？ 未来のみんなの 状況は！？ まだ見たことない 未来で 勇敢に戦う 俺がいる きっとそうだろ どうなの？ 未来の俺らの 状況は！？ まだ見たことない 未来で 勇敢に戦う 俺がいる きっとそうだろ どうなの？ 未来のみんなの 状況は！？ まだ見たことない 未来で 勇敢に戦う 俺がいる きっとそうだろ どうなの？ 未来の俺らの 状況は！？ まだ見たことない 未来で 勇敢に戦う 俺がいる きっとそうだろ どうなの？ 未来のみんなの 状況は！？', 'ここまで歩いてきた 足跡振り返り眺めていた どれも覚えているよ ひとつひとつ迷っていた 曲がりくねり 何度も躓(つまづ)き傷ついた 夢に近づきたくて 投げ出して 弱音をはいて またヒトツ 失ってゆく 傷つき重ね 気づいて明日へ 僕らの色で あとどれほどの『ナミダ』を流してたどり着けるだろう？ あとどれほどの『イタミ』をくいしばって立ち上がればいい？ きっと僕らたどり着くんだ！！！ これからの景色 どこまでも描こう 心のキャンバスを七色で 遥か彼方まで 続いてく旅路 それでも進んでいれば いつか きっとあの地平線の先 虹をかけにいこう 出来ない事を数え 不安で人と比べてしまいそうに いつもなるけれど きっと世界70億の 生きる日々(みち)それぞれ違うもの 誰もが迷いながらも生きていて 違う光を放って笑って見せて 大事なもの守ったeveryday 描いて繋がり星は七色の虹をかけるさ 君らしく 僕らしく この今を歌えればいい 声聞かせて 足跡重ね 交わる運命(さだめ) あとどれほどの『クヤシサ』噛み締めたどり着けるだろう？ あとどれほどの『ヨワサ』と向かい合い儚さ知ればいい？ きっと僕らたどり着こう！！！ 笑って 泣いても 無くして 見つけた きっとそのどれもが素晴らしい それぞれの旅路 交わり生きてる 同じ瞬間(とき)をカケル仲間(とも)がいる きっと僕らは光放ち 互い照らすよ 駆け抜けた日々がこの背中 行っておいでと 押して笑うだろう 光も影も連れて進もう ガムシャラな今を 歌いながら ありがとう 君が教えてくれたもの それを音や言葉にのせ歌おう 君が笑うから 立ち向かっていける 七色の光 集めた虹 間違いだらけの 僕らの毎日 きっとそのどれもが素晴らしい 弱さを知った分 強くなれるから 高い壁も飛び越えていける きっと これからも 終わらない 人生(たび)を続ける 君と 明日もまた新しい 人生(たび)を ハジメヨウ', ""昨日に夢を託せば後悔で 明日に夢を託せば希望で でも今日の僕に夢を託して何になるの?だから うずくまって 閉じこもって 明日を待っていたんだよ だけどなんで 明日になってみれば今日がまた 始まるの? 「未来のために今がある」と 言われても僕は信じないよ だって「今」のこの僕が 昨日の僕の未来 「現状に甘んずること勿れ」と 言われても僕は笑えないよ だって「今」のこの僕が 誰かの夢見る未来 叶えたい夢ばかり数えて 叶えた夢は泣きながらきっとどこかへ… 「僕はきっと今いつかの夢の上に立っているんだね 僕はきっと今誰かの夢の上に立っている」 息を吸って そして吐いて それだけじゃ喜べなくなって 欲しくなって あれも これも あの人のも だけど 僕にあって 君になくて 君にあって 僕にないものがあるから 僕は君を 君は僕を好きになれたんでしょう 叶えた夢の数を数えよう 叶わない夢は誰かがきっとどこかで… 「僕が立っているここはきっと誰かの願ってる場所で 誰かが立っている場所がきっと僕の望む場所で」 誰かがきっと今僕にとっての夢を叶えてくれている 僕もきっと 誰かにとっての夢を叶えている let's party dance dance dance let's take our hands to hands to hands shut up and smile so you can see how beautiful life is forget about chance chance chance  what for? enhance hance hance  you're naked is really the best 僕はなんで 立ち止まって 明日を待っていたんだろう 明日はきっと 明日をきっと 迎えにいくよ 「僕はきっと今いつかの夢の上に立っているんだね 僕はきっと今誰かの夢の上に立っている」 僕はもう数えきれぬほどの夢を叶えているんだね ごめんね これからはね ずっと ずっと 一緒だから""]"
2,93,2_i_you_the_to,"['i', 'you', 'the', 'to', 'we', 'it', 'me', 'and', 'up', 'a', 'that', 'm', 'i m', 'this', 'is', 'in', 'let', ""it's"", 'oh', 'wow', 'be', 's', ""don't"", 'my', 'all', 'on', 'get', 'so', 'yeah', 'na']","[""i feel alive and tonight's my night i've got nothing to hide, i'm dancing in the spotlight hit the floor, c'mon tokyo i go all in tonight, i'm dancing in the spotlight wanna see all the boys in the club - wanna see you hit the dancefloor my heart goes boom-boom, let's get this party started gimme some room-room, some room to rock my body oh that's my tune-tune, i gotta move, goddam it's hard to quit all eyes on me when i'm moving in the spotlight put your hands up-up,  it's time for us to rock it too late to stop-op,  let's dance around the clock 'n' the beat goes boom boom, i gotta move, goddam it's hard to quit all eyes on me when i'm moving in the spotlight wanna see all the girls in the club - wanna see you hit the dancefloor wanna see all the boys in the club - wanna see you hit the dancefloor i feel alive and tonight's my night i've got nothing to hide, i'm dancing in the spotlight hit the floor, c'mon tokyo i go all in tonight, i'm dancing in the spotlight feel alive and tonight's my night i've got nothing to hide, i'm dancing in the spotlight hit the floor, c'mon tokyo i go all in tonight, i'm dancing in the spotlight tokyo, tokyo, tokyo c'mon i'm dancing in the spotlight ×2 i'm callin' out-out, let's find out what you're made of just wanna shout-out, let's blow the roof of this club the beat goes boom-boom, i gotta move, goddam it's hard to quit all eyes on me when i'm moving in the spotlight hey dj turn it-up, let's keep this party goin' just play no matter-what, yeah let us keep on rollin' oh that's my tune-tune, i gotta move, goddam it's hard to quit all eyes on me when i'm moving in the spotlight wanna see all the girls in the club - wanna see you hit the dancefloor wanna see all the boys in the club - wanna see you hit the dancefloor i feel alive and tonight's my night i've got nothing to hide, i'm dancing in the spotlight hit the floor, c'mon tokyo i go all in tonight, i'm dancing in the spotlight feel alive and tonight's my night i've got nothing to hide, i'm dancing in the spotlight hit the floor, c'mon tokyo i go all in tonight, i'm dancing in the spotlight dancing in the spotlight girls, i wanna see the girls c'mon hit the floor boys, i wanna see the boys c'mon hit the floor gonna hit the floor gonna hit the floor - gonna hit gonna hit the floor gonna hit the floor and dancing in the spotlight tonight i feel alive and tonight's my night i've got nothing to hide, i'm dancing in the spotlight hit the floor, c'mon tokyo i go all in tonight, i'm dancing in the spotlight feel alive and tonight's my night i've got nothing to hide, i'm dancing in the spotlight hit the floor, c'mon tokyo i go all in tonight, i'm dancing in the spotlight tokyo, tokyo, tokyo c'mon i'm dancing in the spotlight ×2"", ""you know i don't give a damn about what's“right” or pleasing everyone around me cause i know this world that brought us life wasn't made to keep everyone happy the rules and laws that countries come up with in front of me, they're all shit cause there are people that i've gotta protect and if you get in my way, you're dead you see i'm tired of trying to justify every decision that i make if it's to save the people that i stand by you better believe what i say “stay in the lines, don't make a scene” heroes try to tell us what's right but when push comes to shove, you'll know what i mean i'm ready to start a fight i'm gonna be the anti-hero feared and hated by everybody i'm gonna be the anti-hero so i can save you when the time comes i'm gonna be the anti-hero feared and hated by everybody i'm gonna be the anti-hero yeah righteousness is a thing that i hate cause it doesn't do any good for anyone and everyone thinks everything is ok if they just obey i don't want to think about what they see when they look up and see evil me you see, love isn't what i need as long as i can set you free oh bum bum bum, watch out here i come i said bum bum bum, you all better run oh bum bum bum, watch out here i come so run！ “stay in the lines, don't make a scene” heroes try to tell us what's right but when push comes to shove, you'll know what i mean i'm ready to start a fight i'm gonna be the anti-hero feared and hated by everybody i'm gonna be the anti-hero so i can save you when the time comes i'm gonna be the anti-hero feared and hated by everybody i'm gonna be the anti-hero yeah i'm gonna be the anti-hero feared and hated by everybody i'm gonna be the anti-hero so i can save you when the time comes i'm gonna be the anti-hero feared and hated by everybody i'm gonna be the anti-hero yeah"", ""as i look into your eyes and see you standing there tell me something you're never gonna let this go step into your heart but you don't take it please don't leave it and you're never gonna let this go all i know is that you want to break it i just want to say is that your feeling? you know what you are? tell me why did you turn your back right to me you drive me crazy!! we just carry on our relation that we can't keep any more but we have to make it for us 'cuz i'm never gonna make it if i see your mind without the wall of emotion that i tore i could get everything back it's back to me just like that! as i look into your face and see you smiling there show me anything you're never gonna let this go maybe i was messed you think maybe i was wrong no way to change it but you're never gonna let this go all i know is that you want to break it i just want to say is that your feeling? you know what you are? tell me why did you turn your back right to me you drive me crazy!! we just carry on our relation that we can't keep any more but we have to make it for us 'cuz i'm never gonna make it if i see your mind without the wall of emotion that i tore i could get everything back it's back to me just like that! all i know is that you don't want to break it please tell me why did you turn your back right to me you drive me crazy we just carry on our relation that we can't keep any more but we have to make it for us 'cuz i'm never gonna make it if i see your mind without the wall of emotion that i tore i could get everything back this time, we will let this go!!""]"
3,79,3_夏_君_海_僕,"['夏', '君', '海', '僕', '恋', '日', '今', '波', 'あなた', '何', '手', '行く', '時', '心', '見る', '空', '来る', 'oh', 'いつ', '風', 'どこ', '夢', '二人', '胸', '誰', 'くれる', '中', '涙', '花火', 'oh oh']","[""i'm your sunshine! この夏を待つ 成熟が 絵に描いた様に 見えるよ you're my sunshine! この足が鳴る いつの日か あなたと 絵日記眺めて 微笑む i'm your sunshine! この夏を呼ぶ 奔放が 手のひらで 転がってる you're my sunshine! あなたの胸は いごこちがいい um- そうしていて i'm your sunshine! you're my sunshine! 汗ばむ 肌を見せつけ i'm your sunshine! you're my sunshine! 激しさと 妖(や)さしさ覚える いつまでも いつまでも 見送って手を振っていたよ yo! 1日中 夢にまで 楽しい記憶がよみがえってたよ どこまでも どこまでも 歩いていけそな 海辺を yo! あなたと 夜明けまで 言葉少なめに過ごした きっと 隠してた ずっと 想うこと 大人に なる為に 頼っちゃ いけないって long long time ago i'm your sunshine! you're my sunshine! i'm your sunshine! you're my sunshine! 揺らぐ気持ちの時も i'm your sunshine! you're my sunshine! 泣くわけにいかなかったよ ひかえめな 思春期とひきかえに 夏をあげたい yo! 誰より 幸せな 太陽を一人占めして あの頃と これからは 確かに何かが変わってく yo! 出会いとか めぐり逢い そんな事があるから ずっと 待っていた 絆も なくたって だけども いつからか そっと 歩き出してる long long time ago i'm your sunshine! you're my sunshine! i'm your sunshine! you're my sunshine! i'm your sunshine! you're my sunshine! 誰より経験生かして i'm your sunshine! you're my sunshine! 無駄には出来ない oh my way i'm your sunshine! you're my sunshine! 汗ばむ 肌を見せつけ i'm your sunshine! you're my sunshine! 激しさと 妖(や)さしさ覚える i'm your sunshine! この夏を待つ 成熟が 絵に描いた様に 見えるよ you're my sunshine! この足が鳴る いつの日か あなたと 絵日記眺めて 微笑む i'm your sunshine! この夏を呼ぶ 奔放が 手のひらで 転がってる you're my sunshine! あなたの胸は いごこちがいい um- そうしていて"", ""夏の思い出 手をつないで 歩いた海岸線 車へ乗り込んで 向かったあの夏の日 なんて思い出して 感じるこの季節が 来るたび思い出してる 思い出せる 夏の連休 早めから計画立て 正確な集合時間 時間にルーズな自称「遊び人」遊びならダラダラせず 朝から 点呼は完了 天気は良好 向かう先 夏ならではの旅行 山 川 よりやっぱ海 男女混合で最高にgroov'inな 音楽かけ ガンガン車に照らす 陽はサンサン やる気はマンマン なぜなら車で ビーチボール膨らまし 頭クラクラ 窓を開け 切るクーラー 辛すぎるほどの暑さ 感じながら ダラダラ汗流し 笑いながら過ごした夏の日 夏の思い出 手をつないで 歩いた海岸線 車へ乗り込んで 向かったあの夏の日 なんて思い出して 感じるこの季節が 来るたび思い出してる 思い出せる 潮風に抱かれ 素晴らしい眺め 見に行く連れと 気の合う仲間で 隙あらばさ 無理な体に 鞭打ち向かう 海 山 川 車からも海パン 戦闘態勢万端 薄着ギャル横目 うずきだす横で 取り出すビール すぐ飲み出すし よろけ出す横で 踊り出すし タイムです 脱ぎなさい あなたタイプです なんてオノロケな オトボケを そこのギャルにお届け テキ屋に祭り 打ち上がる花火 淡い物語は 楽しいばかり さざ波 砂文字 さらってゆく 夏の終わりを わかっている 残るのではなく 残すのである 夏の思い出は ここにもある 夏の思い出 手をつないで 歩いた海岸線 車へ乗り込んで 向かったあの夏の日 なんて思い出して 感じるこの季節が 来るたび思い出してる 思い出せる いくつ夏を走り抜けても 変わらない青い波の群れ 波風 抱かれ 響く古い恋の歌も 今では真夏の夢 思い出す 二人通った渚 夕日で黄金色に輝いた 夜風舞う 浜辺を歩く時は 月明かりの元でキスをした 君が 夏が好きで いつかノリで確か 海へ行ってからそのまま 灼けた肌から 見せた笑顔に君と海の虜に あれから月日流れて 寄り添い笑った 写真を眺めて 浜辺で一人 二人の夢ほどいて 振り返る あの夏の思い出 夏の思い出 手をつないで 歩いた海岸線 車へ乗り込んで 向かったあの夏の日 なんて思い出して 感じるこの季節が 来るたび思い出してる 思い出せる 1人だけで過ごす夏の日に(夏の日あの時 思い出す場面) 振り返るとき 来るだけで また思い出してく 夏の日 物語 また 増えてゆくだけ 夏の思い出 手をつないで 歩いた海岸線 車へ乗り込んで 向かったあの夏の日 なんて思い出して 感じるこの季節が 来るたび思い出してる 思い出せる 終わりはかない 夏は待たない だが夏へのこの思いはやまない 辛すぎる暑さ 思い出すはずさ 遥か いやまた待ったら夏だ 夏から秋って だったら何? 夏物語りを待つものばかり 思い出せる? 思いかげる間もなく 俺らまた夏に会える"", '海鳥達が風を浴び フワフワと揺れる きらめく夏の日差しのサマーデイズ 波乗り達が波を待ちくたびれるほどに 静かな浜辺 穏やかな日で ビーチのビキニギャル 横目に踏むアクセル 目的地はもっと先の岬の先端へ 今日も君を連れて行く あの夏の恋はいまだに二人を繋ぐ恋のマジック 二人寄りそってドライビング あの海まで行こう あの頃よりは少しだけ大人になった日の二人の夏 この季節来るたびに 「また行こう!」 いくら年を重ねてもまだ言おう 海沿いの道 楽しい君 あの日 かすれない 何度と来てるはずなのに 踏むアクセル 眺め格別 夏めく光景 到底かすれず 流れる風に景色も変わる カーステにはあの曲がかかる もう何回目? 見るのこの風景 海岸線を二人遊泳 仲間大勢の海 懐かしいが 今はただ二人きりの夏がいい 高め 見下ろす 浜辺の summer day この夏 いくつの出会いと別れ? 新しい思い出の舞台となる 沈む夕日 染まる 二人の夏 あの夏の恋はいまだに二人を繋ぐ恋のマジック 二人寄りそってドライビング あの海まで行こう あの頃よりは少しだけ大人になった日の二人の夏 暑さに任せ 君を連れ出し 青い空を眺め 街を抜け出し 今年の君は少し大人に 懐かしい 感じる風 あの波 にぎわう浜辺 波乗りお預け 飛ばすぜ 少し先へ足のばすぜ 奇跡が生まれたあの場所まで 出逢いを知るのはあの場所だけ 海風が運ぶ 夏の記憶 眩しい光 夏を気取る ゆったり 波音に抱かれたい 二人であの海眺めたい 何度でも またここに 変わらぬ君へのこの思い あの渚に残した思い出を集め 走り抜け向かう あの二人の夏へ 去年までの君と僕が 波間で僕に手を振っているよ 甦る夏 (君と二人 また手を繋ぎ) 繰り返しの love you (何度も何度でも) お揃いの夏をまた 君と二人かさねる (二人だけの 夏をかけよう) 思い出をかさねる 二人の中で あの夏の恋はいまだに二人を繋ぐ恋のマジック 二人寄りそってドライビング あの海まで行こう あの頃よりは少しだけ大人になった日の二人の夏 抜けるトンネル 海が呼んでる 水平線は長く延びてく 繋いだこの手は 季節を越え 次の夏も僕らの元へ 思い出を運ぶ 波音が誘う 吹き抜ける風に 君が空仰ぐ 流れる景色に歌い飛ばす どこまでも行ける 二人の夏']"
4,77,4_君_僕_月_空,"['君', '僕', '月', '空', '星', '行く', '夢', '中', '夜', '見る', '何', '日', '光', 'まま', 'いつ', 'あなた', 'どこ', '誰', 'the', '道', '今', 'dance in the dark', 'dance in', 'dance in the', 'in the dark', '手', 'the dark', '心', 'traveling', 'dark']","['何もない頃に生まれ だからこそ今に残る 何もない頃に生まれ だからこそ意味がある 木々の揺れ 川 風 葉 ざわめき 闇照らす月とそれ 重ねに 満ち欠けここに 見出されし こよみ 月への畏敬 それ今はどこに 柔らかく射す 光ここに浴びたれ 変わらなく持つ 光どこに投げかける 満天の空よりも 月ひとつあれば 皆が見る同じ夜空 何も変わらなけりゃ 自然は 依然と 毅然としてるが 人間はどうだろうか？ 自ら首絞める 叢雲 花に風 虫のしらせ 知らねぇと 今宵 月また輝く 月明かりが 頼りのヤモリがよし 満ち欠けに 引かれ見上げるが良い 月は語らないし 笑わないし 何も変わらない 俺に唱えてくれ これに答えておくれ 花よ 鳥よ 風よ 月よ 永久に空に消えるまで 月の光を 西の空 赤く染まる 山々は静けさが増す 東の夜空から 星たち舞う 大きな月は辺り照らす どこからか 吹きぬけた ゆるい風に咲く花揺れた 流れ流れる雲 どこへ 何故傘かける？あの月の元へ 欠けては満ちゆく 浮き沈む月はとどまる ことなく 流れゆく時の中 今も高く変わらず輝く 今宵もろい 世を忍び思い 静かな水面 月残し ゆるりと沈みゆく 月よどこへ 急いては 生き急ぐ人よどこへ 花よ 鳥よ 風よ 月よ 永久に空に消えるまで 月の光を 日が沈み 大地赤く染まり 空を舞う鳥も森の中に 眠りの支度 羽根を磨く そっと休ませ 無に目を閉じる 空を舞う日々 風揺らぐ木々の中で 清く 淡く 強く生き 好きでもなく、ただ 空を舞い 欲などなく また空を舞い 子を産み育て 木々の木陰に 巣を作り運ぶ虫をエサに 月が見守るこの大地の中で ひたむきに生きる毎日の中で 流れる時はゆるく 行き方は変わらずに古く ありのままの この大地で また風のままの毎日へ 花よ 鳥よ 風よ 月よ 永久に空に消えるまで 月の光を 花よ 咲き誇り土へと戻り 鳥よ 羽ばたく命ははかなく 風よ 吹き抜けるどこまでもゆける 月よ 月照らす心奥(深く)根差す 花よ 咲き誇り土へと戻り 鳥よ 羽ばたく命ははかなく 風よ 吹き抜けるどこまでもゆける 月よ 月照らす心奥深く根差す 永久に 空に消えるまで 月の光を… 何もない頃に生まれ だからこそ今に残る 何もない頃に生まれ だからこそ意味がある 何もない頃に生まれ だからこそ意味がある', 'よるのかぜ 浴びたまま 車で 感じたまま いっそ光る街中超えて行こう 夜を越えてく 月明かり 浴びたまま 星空に 感じたまま いっそ光る街中超えて行こう 素敵にブレーキ踏まずに行こう 楽しいはずさ 今日は君と そう 脱、tvショウ 週末日の今日 君と一緒ならばtvやビデオをダラダラ見るよりガラガラの道を ぶっ飛ばして車で 車で yo！ ぐっと洒落た街まで woo 街までの道のりやや遠め！ 行けるトコまででもドコまでも行こう 延々と続くドライブにトライする 俺一人目指してるのはあの橋の向こう 月明かりの指す方 君のいる所 朝日までに君迎え行くとこ 行こう君と共に夜を越えて行こう よるのかぜ 吹かれ うかれ疲れ飛ばせ 月明かりは俺に妙に優しい 好きばかりさ 俺ら２人楽しい よるのかぜ 浴びたまま 車で 感じたまま いっそ光る街中超えて行こう 夜を越えてく 月明かり 浴びたまま 星空に 感じたまま いっそ光る街中超えて行こう 素敵にブレーキ踏まずに行こう 心地良い疲れ ぬるい風吹かれ 二人は車で 日焼け跡比べ 行こーよ どこでもいいよ 朝まで 広がった道 明かりは彼方へ 海沿いの道 潮風が舞う 左手 海からは波音が鳴る 君は目を閉じて ただ耳を澄ます 焼け火照る 頬から 笑みこぼれ出す 月明かり 陰った 逆に街明かりだけが鮮やかに 浮かび 上がる 目の中に はしゃぐ君 見てそのスキに 何気に励む 雰囲気作りに 行こうよ向こうの方にも 西の湾が かかえる岬の方 小麦色の肩 もたれたまま このまま よかぜに 吹かれに行こう!! よるのかぜ 浴びたまま 車で 感じたまま いっそ光る街中超えて行こう 夜を越えてく 月明かり 浴びたまま 星空に 感じたまま いっそ光る街中超えて行こう 素敵にブレーキ踏まずに行こう 日も沈みきったのち まさに海への最果ての土地から 見渡そう 身を任そう 賑やかそうに 騒ぐ若者を見つめたのちに 街を抜け 見渡せる限り あっちこっちで打ち上がる花火に かなり胸高鳴る 積み重なる 夏の夜と君と俺の愛を!! 合体中 まさに真っ最中を越えて 俺らここで車飛ばし二人まったりtune 日の沈み見もせず夜の海 二人 きどり 俺ら二人っきり 打ち上がる花火はかなりやばい ぶちあたる 二人はかなり甘い 真夏の夜 ７つの願い放つよ 1つでもあなたの胸に届くよう wooh wooh who... 夜の風に…夏夜の風に この星空に…また月明かりに この街の向こうに…見える物語 一人より二人で見ることの意味に 君に今 見せるため この通り 急に光射す 道の模様に 永久の向こうに 羽ばたけるように よるのかぜ 浴びたまま 車で 感じたまま いっそ光る街中超えて行こう 夜を越えてく 月明かり 浴びたまま 星空に 感じたまま いっそ光る街中超えて行こう 素敵にブレーキ踏まずに行こう よるのかぜ 浴びたまま 車で 感じたまま いっそ光る街中超えて行こう 夜を越えてく 月明かり 浴びたまま 星空に 感じたまま いっそ光る街中超えて行こう 素敵にブレーキ踏まずに行こう wooh wooh who... 光る夜を越えていく あの日の wooh wooh who... 光る夜に埋もれて行く wooh wooh who...', ""誰も知らず招待状が届く 月明かりtonight, oh baby 扉は螺旋階段の下 左 右の 地下室へ oh oh oh(who are you? lady) 今宵 素顔(oh baby) 隠しdance in the dark oh oh oh 罠も 過去も 罪もdance in the dark let's say dance in the dark da dance in the dark 狂おしく抱きしめよう dance in the dark da dance in the dark 揺れて 甘い吐息 come on let's go up down down up down down up down down down どうするの?どうしたい? tell me tell me girl dance in the dark da dance in the dark 一夜だけのmystery love persona ti amo persona i love you persona te quiero ah ah ah persona ti amo persona te quiero persona i love you 腰に回す手が動くたび 零れるあの声baby 感じる場所がドクドクしてる クセになりそう 乱れてく oh oh oh(who are you? lady) 濡れた肌は(oh baby) 熱くdance in the dark oh oh oh ヤバイ夢は媚薬dance in the dark let's say dance in the dark da dance in the dark 狂おしく抱きしめよう dance in the dark da dance in the dark 揺れて 甘い吐息 come on let's go up down down up down down up down down down どうするの?どうしたい? tell me tell me girl dance in the dark da dance in the dark 一夜だけのmystery love secret 時は secret 止まり 朝は来ない (ふたりdance in the dark) crazy 夜に crazy ハマり 抜け出せない 危ない口づけ あなたはdon't say no up down down up down down up down down down どうするの?どうしたい? tell me tell me girl dance in the dark da dance in the dark 一夜だけのmystery love dance in the dark da dance in the dark 狂おしく抱きしめよう dance in the dark da dance in the dark 揺れて 甘い吐息 come on let's go up down down up down down up down down down どうするの?どうしたい? tell me tell me girl dance in the dark da dance in the dark 一夜だけのmystery love""]"
5,72,5_君_僕_歌う_歌,"['君', '僕', '歌う', '歌', 'あなた', 'くれる', '今', 'o', '誰', '声', '忘れる', '夢', '何', '笑う', '行く', 'それ', '日', '言葉', '私', 'いつ', '人', '空', 'いい', 'o o', '信ずる', '愛する', '心', 'まま', '中', '知る']","['花に声があるなら何を叫ぶのだろう 「自由の解放」の歌を世界に響かせているだろう 平和に耳があるなら何が聴こえるだろう 偽物の自由の歌が爆音で聴こえるだろう 花が叫ぶ愛の世界で僕等は平和を歌っている 鳥籠の中で終わりを迎えた「自由」は僕になんて言うだろう 生物達の虹色の戦争 貴方が殺した命の歌が僕の頭に響く the war of the rainbow color (虹色の戦争) 生物達の虹色の戦争 貴方が殺した自由の歌は貴方の心に響いてますか? the war of the rainbow color (虹色の戦争) 虫に歌があるなら何を叫ぶのだろう 「平和の解放」の歌を世界に響かせてるだろう 自由に耳があるなら何が聴こえるだろう 偽物の平和の歌が爆音で聴こえるだろう 虫が叫ぶ平和な世界で僕らは愛を歌っている 虫籠の中で終わりを迎えた「命」は僕に何て言うだろう 生物達の虹色の戦争 貴方が殺した命の歌が僕の頭に響く the war of the rainbow color (虹色の戦争) 生物達の虹色の戦争 貴方が殺した自由の歌は貴方の心に響いてますか? the war of the rainbow color (虹色の戦争) 青色の空に神様がきて願いを1つ叶えるなら 花や虫は何を願うのだろう 青色の空に神様がきて願いを1つ叶えるなら 僕等の命の炎は消えてしまうのだろう “the war of the rainbow color” is the war the whole world knows and the whole world participate in. (「虹色の戦争」とは世界中が知っていて 世界中が参加している戦争である) “the war of human vs. living things except human” is the war the whole world“does not feel” even though the whole world“knows” (「人間と人間以外の生物の戦争」とは 世界中が「知っている」のに世界中が「感じない」戦争である)', '君を想ったこの唄だって君には重荷かもしれない 頼まれだって望まれだってしてないのに だけど笑って 隠れて泣いて 歌うことしか僕はできない だから笑って 笑って 僕の声よ届いてよ 僕が生きている意味って? ただ歌って 求めて泣いて 必要とされてるかって? 君が言ってよ「必要だって」 絶望と不安を喰らって生きてる僕は この唄で命を刻むんだ 君を想ったこの唄だって君には重荷かもしれない 頼まれだって望まれだってしてないのに だけど笑って 隠れて泣いて 歌うことしか僕はできない だから笑って 笑って 僕の声よ届いてよ 僕が生きているうちに 伝えたいこと見せたい顔 たくさんあって そのどれも切なすぎて 明るい唄になんて 出来ないよ 自分では自分を認めてやれない僕を 君の声で救い出して 君に向かって微笑んだって 君は気づかないかもしれない 時間が経って 僕はまるで空気のように だけど笑って 一緒に泣いた この唄は残るかもしれない だから歌って 歌って 僕の声が途絶えても… 忘れないよ 君と居たこと 星になっても 忘れない 君を想ったこの唄だって君には重荷かもしれない 頼まれだって望まれだってしてないのに だけど笑って 隠れて泣いて 歌うことしか僕はできない だから笑って 笑って 僕の声よ届いてよ 僕が生きている意味って? 君が与えて 救い出して', 'ガラスの眼をした猫は歌うよ 大きな声で りんりんと ガラスの眼をした猫は歌うよ 風に髭を揺らし りんりんと 声が枯れたなら川に行こう 水に映る顔を舐めてやろう 昨日よりましな飯が食えたなら 今日はいい日だったと 空を見上げて 笑い飛ばしてやる あぁ 僕はいつも 精一杯 唄を歌う あぁ 僕はいつも 力強く 生きているよ ガラスの眼をした猫は歌うよ お腹が空いても りんりんと ガラスの眼をした猫は歌うよ 生きてる証拠を りんりんと ガラスの眼をした猫は叫ぶよ 短かい命を りんりんと ガラスの眼をした猫は叫ぶよ 大切な今を りんりんと 生まれてきた事に意味があるのさ 1秒も無駄にしちゃいけないよ 嵐が来ようが雨が降ろうが いつでも全力で 空を見上げて 笑い飛ばしてやる あぁ 僕はいつか 空にきらめく 星になる あぁ その日まで 精一杯 唄を歌う 声が枯れたなら川に行こう 水に映る顔を舐めてやろう 生まれてきた事に意味があるのさ 1秒も無駄にしちゃいけない だから僕は唄を歌うよ 僕はいつも唄を歌うよ 僕はいつも唄を歌うよ 僕は今を叫ぶよ ガラスの眼をもつ猫は星になったよ 大きな声も止まったよ 命のかけらも燃やし尽くしてしまったね 得意のブルースも聴けないね だけどお前のそのブルースは 皆の心の中に刻まれた これから辛い事がもしあったなら 皆は歌い出す ガラスの眼をもつ猫を思い出して 空を見上げて ガラスのブルースを あぁ 僕はいつも 精一杯 唄を歌う あぁ 僕はいつも 力強く 生きているよ あぁ 僕の前に 暗闇が 立ち込めても あぁ 僕はいつも 精一杯 唄を歌う']"
6,69,6_雨_君_僕_今,"['雨', '君', '僕', '今', '事', '傘', '時', 'いい', '誰', '行く', '日', '降る', '何', '空', '人', '中', 'あなた', '続く', 'いつも', 'まま', 'いつ', '風', '涙', '心', 'それ', '三十路', 'もの', '知る', '歩く', '待つ']","['昨日の僕にさ 風邪をひかせた雨が 巡り巡って誰かの涙 洗い流してたらいいな なんでもかんでも 一人でできるもん だからもうご褒美の取り分は全て僕 領収書でもねぇ取っておく? 違うでしょ はい、こっち来てお座り よくもまぁ ぬけぬけとお黙り どっからどこまでが誰のおかげかなんて分かるわけない 誰のものとも言えぬもの 名札もない宝物でこの世はオーバーフロー 堂々と すべては巡り巡るでしょう 一世一代の告白も 一生分使った青春も 夜の星に 通り雨に 助けてもらったの 僕は知っているよ だってそうじゃないとさ 一切合切全部 たとえ世界が 明日滅ぶとしてもね ある人は言う 僕は今日リンゴの樹を植えよう なら僕は言おう 明後日からの新しい世界に 間に合うように この世のすべてを書き遺すよ 拝啓 次の世を生きる全ての人へ 我らの美談も 悲惨なボロも いざ教えよう 次の世こそは決して 滅ぶことのない世界に どうか我らの愛すべき 鎖を止めないで 押し殺したその 怒りに任せた声が 積もり積もっては それをエサに愛が育ってたらいいな 晴れた空が僕らに何か 見返りを求めてきたとしたら どんだけかかっても 笑っても泣いても 払えるもんなど僕にはない 僕を僕たらしめるもの 人やその他諸々 全てに借りを返そうなどと したとこで一生すぐ終えるでしょう ならば俺はバラ撒くんだ もらった種を咲かすんだ おりゃそっちの方に懸けてみようと思うが どうだろう? 当たり前だと思うでしょう なのになんで起こんでしょう 眼にさえ見えない 味だってしないのに こっそり 奪ったり うがったり 盛ったり うんざり やっかんだり 一体繰り返すために生きるの? 生きるために繰り返すの? 悲しい話 流しっぱなしの君の涙誰が止めるの? その瞳の その栓をちょうだい たとえ 世界が明日滅ぶとしてもね ある人は言う 僕は今日リンゴの樹を植えよう なら僕は言おう 明後日からの新しい世界に 間に合うように この世のすべてを書き遺すよ 拝啓 次の世を生きる全ての人へ 我らの美談も 悲惨なボロも いざ教えよう 次の世こそは決して 滅ぶことのない世界に どうか我らの愛すべき 鎖を止めないで 世界の終わりの その前の日に 産まれた赤子に それでも名前をつけるよ 僕は 笑いかける 未来を纏う 君に語る “その時”まで たとえ 世界が明日滅ぶとしてもね ある人は言う 僕は今日リンゴの樹を植えよう なら僕は言おう 明後日からの新しい世界の はじまりの歌を瓶に詰め 海へと流すよ 拝啓 次の世を生きる全ての人へ 我らの美談も 悲惨なボロも いざ教えよう 次の世こそは決して 滅ぶことのない世界に どうか我らの愛すべき 鎖を止めないで 明日をやめないで ゼロを掛けないで', '雨の向こうへ 風の向こうへ… 涙流すのは 信じてるから 心のノートに 書いた言葉 描いた通りに いかない時 にじんだ空に 放った言葉 僕の後ろに出来てた道 雨の向こうへ 風の向こうへ 旅は続いていく 今 君の向こうへ そして僕の向こうへ 道は続いていく どこかで振り返る その時が来て 君に話をする その朝が来て いつでも精一杯 走って来たって 嘘偽りなく 言えたらいいんだ 僕の目の前に広がる旅 雨の向こうで 風の向こうで 虹がかかっている 今 君の向こうで そして僕の向こうで 何かが待っている どうか消えないで繋いだ灯よ 言葉を超え 心を鳴らす 今 風の向こうへ 旅は続いて この道は続いて 雨の向こうへ 風の向こうへ 旅は続いて 道は続いて… 信じてきたこの自分のために 夢重ねるみんなのために 感謝の言葉 for my family “i believe” ただ力の限り その焦りもいつかは糧に この痛みも糧に 雨にも風にも負けずにあの痛みや焦り この日のために あなたの分の想いも抱いて 階段のぼるよう 上向かって 辛くて 苦しくたって 耐えて 歓声浴びる姿描いて… 光と影その向こうへ (行こう 向こうへ) 闇を照らす君の声 (頂上の方へ 想いを掲げ) 雨の向こうへ 風の向こうへ 旅は続いていく 今 君の向こうへ そして僕の向こうへ 道は続いていく 雨の向こうへ 今 風の向こうへ 旅は続いて この道は続いて 光と影その向こうへ 闇を照らす君の声 雨の向こうへ 今 風の向こうへ 旅は続いて この道は続いて 雨の向こうへ 今 風の向こうへ 旅は続いて 今は向こうへ！', '太陽はずっと 俺らを 照らす oh 君が 辛いときも ずっと 空の上で これからも 太陽はもっと 俺らを照らす oh たまの雨の日も 晴れわたるように 太陽の子でいよう 太陽は今日も昇る青い空へ 白い雲は流れ時に降る恵みの雨 晴れては曇る 曇り空に雨降る 常にこれを繰り返す 今までも 真上を飛ぶ鳥のように 逃げてなりたいな自由に でも負けじと耐えて辛さ乗り越えた時 見た空 いつもよりも青かった 太陽に照らされて月は輝く その光る月を見て何思う 人は陽のあたる所ばかり選び歩くと いつかはその影が見えなくなる 辛い暗い長い夜が続くが 今にすぐにこの夜は明ける 今日は暗く落ち込む日でも 明日は東の空へまた陽が昇る 太陽はずっと 俺らを 照らす oh 君が 辛いときも ずっと 空の上で これからも 太陽はもっと 俺らを照らす oh たまの雨の日も 晴れわたるように 太陽の子でいよう 太陽の真下から走り出した 何で俺は此処に やってしまったことに 悩んでいる時 見上げればそこに 変わらず俺を 照らしてくれる 太陽は今日も回る そして俺らに物語る ただ背中を優しく押し出すように 俺の進むべき道の方に 晴れのない 来ない日はないというが 気にしないで生きる人はわりと優雅 なんでそんなに 俺のことを見ている? 何でこんなにも 俺のことを知ってる? 高らかな気持ち 気負いなく進む 新たなる道は どこまでも続く しかしながら なだらかと思わせるだろう そんなひかり 太陽を 俺は浴びてたいの この先も共にまいろう 太陽はずっと 俺らを 照らす oh 君が 辛いときも ずっと 空の上で これからも 太陽はもっと 俺らを照らす oh たまの雨の日も 晴れわたるように 太陽の子でいよう 太陽が暮れても 太陽の子でいよう 太陽の子でいよう 変わらずやわらかく射す太陽 降り注ぐ光に何思う 必ず暖かく待つ太陽 突き進む未来に舵を取る 今があって 過去があって 君になって いつしか夢を持って 時がたって イヤになっても でも笑って行こう 辛くなっても 成功を見守る太陽を背に 雨降りの日は太陽を胸に 結果を恐れず太陽のせいに すればいい 君は太陽の子 曇りの日も 雨の日も 同じ空の下 いつの日か 今日か明日また晴れる 日を待つ 曇りの日も 雨の日も あの雲の上 太陽は 見えなくても 僕らを見守る 太陽はずっと 俺らを 照らす oh 君が 辛いときも ずっと 空の上で これからも 太陽はもっと 俺らを照らす oh たまの雨の日も 晴れわたるように 太陽の子でいよう 太陽が暮れても 太陽の子でいよう 太陽の子でいよう']"
7,69,7_花_君_咲く_僕,"['花', '君', '咲く', '僕', '春', '風', '今', 'あなた', 'いつ', '夢', '誰', '道', 'さくら', '空', '花 咲く', 'ゆく', '日', '忘れる', '桜', '私', '恋', '心', '見る', '涙', 'どこ', '散る', '未来', '人', '舞う', '中']","['さくら舞い散る中に忘れた記憶と 君の声が戻ってくる 吹き止まない春の風 あの頃のままで 君が風に舞う髪かき分けた時の 淡い香り戻ってくる 二人約束した あの頃のままで ヒュルリーラ ヒュルリーラ さくら散りだす 思い出す 意味なく 灯り出す あの頃また気になる 変わらない香り 景色 風 違うのは君がいないだけ ここに立つと甦る こみ上げる記憶 読み返す 春風に舞う長い髪 たわいないことでまた騒いだり さくら木の真下 語り明かした 思い出は 俺 輝いた証だ さくら散る頃 出会い別れ それでも ここまだ変わらぬままで 咲かした芽 君 離した手 いつしか別れ 交したね さくら舞う季節に取り戻す あの頃 そして君呼び起こす 花びら舞い散る 記憶舞い戻る 気付けばまたこの季節で 君との想い出に誘われ 心の扉たたいた でも手をすり抜けた花びら 初めて分かった 俺若かった この場所来るまで分からなかったが 此処だけは今も何故 運命(さだめ)のように香る風 暖かい陽の光がこぼれる 目を閉じればあの日に戻れる いつしか君の面影は 消えてしまうよ 何処かへ あの日以来 景色変わらない 散りゆく花びらは語らない さくらの下に響いた 君の声 今はもう さくら舞い散る中に忘れた記憶と 君の声が戻ってくる 吹き止まない春の風 あの頃のままで 君が風に舞う髪かき分けた時の 淡い香り戻ってくる 二人約束した あの頃のままで ヒュルリーラ ヒュルリーラ そっと僕の肩に 舞い落ちたひとひらの花びら 手に取り 目をつむれば君が傍にいる さくら舞い散る中に忘れた記憶と 君の声が戻ってくる 吹き止まない春の風 あの頃のままで 君が風に舞う髪かき分けた時の 淡い香り戻ってくる 二人約束した あの頃のままで ヒュルリーラ ヒュルリーラ 花びら舞い散る 記憶舞い戻る 花びら舞い散る', 'no.1にならなくてもいい もともと特別なonly one 花屋の店先に並んだ いろんな花を見ていた ひとそれぞれ好みはあるけど どれもみんなきれいだね この中で誰が一番だなんて 争う事もしないで バケツの中誇らしげに しゃんと胸を張っている それなのに僕ら人間は どうしてこうも比べたがる？ 一人一人違うのにその中で 一番になりたがる？ そうさ 僕らは 世界に一つだけの花 一人一人違う種を持つ その花を咲かせることだけに 一生懸命になればいい 困ったように笑いながら ずっと迷ってる人がいる 頑張って咲いた花はどれも きれいだから仕方ないね やっと店から出てきた その人が抱えていた 色とりどりの花束と うれしそうな横顔 名前も知らなかったけれど あの日僕に笑顔をくれた 誰も気づかないような場所で 咲いてた花のように そうさ 僕らも 世界に一つだけの花 一人一人違う種を持つ その花を咲かせることだけに 一生懸命になればいい 小さい花や大きな花 一つとして同じものはないから no.1にならなくてもいい もともと特別なonly one', '花屋の店先に並んだ いろんな花を見ていた ひとそれぞれ好みはあるけど どれもみんなきれいだね この中で誰が一番だなんて 争うこともしないで バケツの中誇らしげに しゃんと胸を張っている それなのに僕ら人間は どうしてこうも比べたがる？ 一人一人違うのにその中で 一番になりたがる？ そうさ 僕らは 世界に一つだけの花 一人一人違う種を持つ その花を咲かせることだけに 一生懸命になればいい 困ったように笑いながら ずっと迷ってる人がいる 頑張って咲いた花はどれも きれいだから仕方ないね やっと店から出てきた その人が抱えていた 色とりどりの花束と うれしそうな横顔 名前も知らなかったけれど あの日僕に笑顔をくれた 誰も気づかないような場所で 咲いてた花のように そうさ 僕らも 世界に一つだけの花 一人一人違う種を持つ その花を咲かせることだけに 一生懸命になればいい 小さい花や大きな花 一つとして同じものはないから no.1にならなくてもいい もともと特別なonly one']"
8,52,8_ya_ya ya_oh_up,"['ya', 'ya ya', 'oh', 'up', 'ya ya ya', 'ya ya ya ya', 'oh oh', 'you', 'yeah', 'oh oh oh', 'hey', '踊る', '君', 'shanana', '太陽', '世界', 'oh oh oh oh', '僕', '行く', 'ション', '音', '誰', 'we', 'wow', 'ハイ', 'the', '踊れる', 'dance', 'cha', 'hey hey']","['この世に人生の選択肢があるならば 今夜この場所に行ってみれば true 君のeyes で確かめるコトになるでしょう 躊躇しないで前だけを見て 踊ってみればいいだけよ 時間がないのミラーボールのように 自由に step!! you know you love yourself but 逃げてばかりね? you know you love yourself but はまってゆく you know you love yourself but 目をふさいでる you know you love yourself but あなたがいる 止められない鼓動と体とリズムを hey boy 君とこのまま 最後までと決めた 今すぐ近くにきて感じてほしい but もしも私が 今夜君のドア ノックしなければ 君は永遠のベール 包まれたままだったのね どう? どっちが幸せだったの?? 本当はもう 抜けられない 体になっているんでしょ?? 誰も笑わせないからそう 後悔させたりしないから you know you love yourself but 逃げてばかりね? you know you love yourself but はまってゆく you know you love yourself but 目をふさいでる you know you love yourself but あなたがいる 止められない鼓動と体とリズムを hey boy 君とこのまま 最後までと決めた 今すぐ近くにきて感じてほしい but 君とこのまま… 止められない鼓動と… you know you love yourself but 逃げてばかりね? you know you love yourself but はまってゆく you know you love yourself but 目をふさいでる you know you love yourself but あなたがいる you know you love yourself but 逃げてばかりね? you know you love yourself but はまってゆく you know you love yourself but 目をふさいでる you know you love yourself but あなたがいる 止められない鼓動と体とリズムを hey boy you know you love yourself 君とこのまま 最後までと決めた you know you love yourself 今すぐ近くにきて感じてほしい but', ""wow wow oh oh oh oh oh oh... 光る真夏のビーナス 太陽も独り占めさ 釘付けのeyes (eyes) もしかしたら愛 (愛) 体感温度 ガンガン上がる (hey hey) 波打ち際ではしゃぐお前の姿 (oooh！！) 今年の夏を更にアツくさせてく (yeah！！) その笑顔を (ok！) ただ守りたい (oh！yeah！) 全身全霊 捧げて (hey hey hey) 焼けた潮風に乱れた髪かき上げ イタズラな仕草で微笑(わら)って お前が好きだ！ 最高記録 summer time 最強ガード i'm your knight 真夏がお前を責めたって 俺が守るよ cha cha cha come on！ 太陽 負けられない もっときらめけ summer time 恋い焦がれたら jumping chance！ ハートが裸になったって 心配ご無用 cha cha cha hello！ my girl 真剣(マジ)sunshine wow wow oh oh oh oh oh oh... my sweet honey honey 唯一無二 wow wow oh oh oh oh oh oh... 滾(たぎ)る渚のストーリー 純情もグラつきそうさ 瞳がso shine (so shine) もしかしたらサイン (oh yeah！) 全力疾走 飛び込め (hey hey hey) 猛(たけ)る波音に掻き消されそうなセリフ お前はただ黙って見つめて 一生好きだ！！ 燃え尽きるまで summer time もう止まらない burning love ムードもあらわになっちゃって 火傷しちゃいそう cha cha cha come on！ 沸点 飛び越えたい 舞い上がれほら summer time そっと頷く jumping chance！ 夕陽に切なくなったって 傍にいるから cha cha cha hello！ my life 真剣(マジ)sunset wow wow oh oh oh oh oh oh... オレンジに染まる水平線眺めながら 誓ったんだ この手を離さない お前が好きだ！！！ バカみたいに好きだ！！！！！ 最高記録 summer time 最強ガード i'm your knight 真夏がお前を責めたって 俺が守るよ cha cha cha come on！ 太陽 負けられない もっときらめけ summer time 恋い焦がれたら jumping chance！ ハートが裸になったって 心配ご用心 cha cha cha hello！ my girl 真剣(マジ)sunshine wow wow oh oh oh oh oh oh... my sweet honey honey 唯一無二 wow wow oh oh oh oh oh oh... 恋の海原 ジャ・ジャ・じゃjump！！ wow wow oh oh oh oh oh oh... やっと見つけたマーメイド wow wow oh oh oh oh oh oh... 愛はメラメラ ジャ・ジャ・ジャjump！！ wow wow oh oh oh oh oh oh..."", '日々を脱走 吹っ飛ばす苦労 再トライ ギリギリギリ gogo 大都会 けっけっけっけっけ蹴っ飛ばす 音に乗り もっとhotに 君の態度にあがる体温 嗅ぐ 視る 触る ウエストにバスト 日に日に増す 今の倍の倍 心濡らす 吠えろwow もっとwow juice up！！ 踊れ踊れ 溢れ出す夜に juice up！！ jumpin jumpin 狙うハンター。 juice up！！ 暗がり股がるむっちり言いなりモンスター。 juice up！！ juice up！！ wanima original！！ 日本全土でワンチャン中 集まる同志 ともに歌う年中 破裂しちゃう程に重なる 溜め込んだたぎる血 騒ぎ出す 時は来た 点火 フル回転 絡み合う ya ya ya ya ya ya ya ベロベロバーベッベッベロベロバー ya ya ya ya ya ya ya クセになる音に乗って ya ya ya ya ya ya ya ベロベロバーベッベッバンバンバン ya ya ya ya ya ya ya 口遊む歌になって 日本全土でワンチャン中 集まる同志 ともに歌う年中 破裂しちゃう程に重なる 溜め込んだたぎる血 騒ぎ出す 時は来た 点火 フル回転 絡み合う ya ya ya ya ya ya ya ベロベロバーベッベッベロベロバー ya ya ya ya ya ya ya クセになる音に乗って ya ya ya ya ya ya ya ベロベロバーベッベッバンバンバン ya ya ya ya ya ya ya 口遊む歌になって wow(wow) yeah(yeah) juice up！！ (juice up！！)juice up！！ 呼び醒ませ 怒りでメラメラ燃えてる渦巻く炎 ya ya ya ya ya ya ya×33 juice up！！ ya ya ya ya ya ya ya ベロベロバーベッベッベロベロバー ya ya ya ya ya ya ya クセになる音に乗って ya ya ya ya ya ya ya ベロベロバーベッベッバンバンバン ya ya ya ya ya ya ya 口遊む歌になって']"
9,40,9_雪_君_あなた_降る,"['雪', '君', 'あなた', '降る', '僕', '冬', '街', '雪 降る', 'いつ', '空', '二人', '恋', '白い', '私', '手', '人', '今', 'しまう', '時', 'snow', '何', 'それ', '想う', '心', '見る', '夜', '誰', '寒い', '忘れる', '思い出す']","['スノーマジックファンタジー 雪の魔法にかけられて 僕は君に恋した もしかして君は雪の妖精? 僕は星の降る雪山で、 君を見るまではオカルトの類はまったく信じていなかったのだけれども 君が住む山は“スノーランド” 1年中、雪の降るこの国で私は生まれたの、と君は話してくれたんだ ねぇ、私は夏を見たことがないの、 燃えるようなあの夏を、それを見るのが私の夢なの でも良いの この世界は知らない方がロマンチックな事もたくさんあるのでしょう? スノーマジックファンタジー 雪の魔法にかけられて 僕は君に恋した もしかして君は雪の精? 僕はこれまでの人生を誰にも愛されることもなく1人で生きてきた 君と出逢うその時までは ふいに、 「君は妖精だから、やっぱり年齢は200歳とかなのかい?」と聞いたら、 それはなんか無視された ねぇ、命はいずれ終わるものよ 貴方と私は終わりがくるの なのに、なんで出逢ってしまったの? 貴方は「幸せ」と同時に「悲しみ」も運んできたわ 皮肉なものね スノーマジックファンタジー 雪の魔法にかけられて 僕は君に恋した もしかして君は雪の精? 雪の妖精とのファンタジー やがて、僕は眠くなってきた 君と一緒にいるという事は、やはりこういう事だったんだろう でも良いんだ、君に出逢えて初めて誰かを愛せたんだ これが僕のハッピーエンド スノーマジックファンタジー 雪の魔法にかけられて 僕は君に恋した もしかして君は雪の精? 雪の妖精とのファンタジー', '今年最初の雪が 低い空から舞い落ちる 肩を寄せ合う君が 僕の隣りいないよ… 駅の寒いホームで キスをしたのは今頃さ 君が小さく見えて 柱の陰抱きしめたよ あの時の二人 まだこんな日々が そう来るなんて思わずに… 雪の降る街 一人で思い出と歩いた 静かに降る雪 手のひらにそっとのせて 話してたくていつも 遠回りして帰ったよ 「ずっと好きでいてね」と 手を重ねて微笑んだね きっと君は僕の たったひとつだけの そうかけがえのないものさ… 雪の降る街 コートに思い出抱きしめた 振り向く街角 君はそこにもういない ごらん空から天使が 夢を振りまいてる 静かに降る雪 手のひらで溶けてゆく きっと君は僕の たったひとつだけの そうかけがえのないものさ… 雪の降る街 コートに思い出抱きしめた 振り向く街角 君はそこにもういない ごらん空から天使が 夢を振りまいてる 静かに降る雪 手のひらで溶けてゆく 雪の降る街 一人で思い出と歩いた 静かに降る雪 手のひらにそっとのせて 僕の心に降る雪 いつか溶けるけれど woo… あんなに恋した 君の笑顔忘れない', '終わらない 冬の空から雪が舞い降る 終わったはずの 冬の恋が重なる 変わらない街に 白い粉雪舞い降る 変わったのは 君がいなくなった事だけなのに 思い出す 君の囁き 思い出す 雪の輝きに 思い出す 君の温もり 思い出す 冬物語 寒い夜 星が良く見える なのに君の温もり 遠く消える こんな日だから 君がいたなら 終わったはずの恋を今更 思い出すはず 戻りたくなる その度に 心痛くなる 雪と重なって 絡まって 語らっていた思い出が まだあって 昨日のようで 遠い記憶 望む夜 吐く息は白く 人の気も知らず 舞い散る粉雪 出来ない 君との思い出 粗末に 思い出す あの君の囁き ここにある なお君の輝き この頃辺り 君の事ばかり 思い出す あの頃 冬物語 思い出す 君の囁き 思い出す 雪の輝きに 思い出す 君の温もり 思い出す 見上げた空は また重く白く 見慣れた街 冬支度を急ぐ 静かに灯り出す 街灯り 思い出す寂しさ あの日のままに いつかは忘れていくの? その記憶はかすれていくの? いや 未だ消せない 無くせない 君の手のぬくもリ 今も忘れない あの時 素直に言えば良かった 気持ち伝えきれずに 終わった まだ捨てられない このマフラー 胸を刺す想い残す 僅か 舞降る雪 儚く 続く 心のため息 切なく 疼く 溶けてしまえば この雪のように いつかは 痛みが無くなるのに 雪で飾られた 君との恋が 手の平の上で 少し溶け出す そこにいるはず無い 君の姿 さがす僕は 今 過去に逃げる 雪の中に 君を重ねる 終わらない 冬の空から雪が舞い降る 終わったはずの 冬の恋が重なる 変わらない街に 白い粉雪舞い降る 変わったのは 君がいなくなった事だけなのに 思い出す 君の囁き 思い出す 雪の輝きに 思い出す 君の温もり 思い出す 冬物語 粉雪の舞う 雪の音が鳴る 遠い空 思い出が消えていく 粉雪の舞う 雪の華咲く 君をおいて 季節はまた廻る']"
10,40,10_いい_飲む_感じ_uh,"['いい', '飲む', '感じ', 'uh', 'いい いい', 'ビール', '君', 'baby', 'feel', 'uh uh', '俺', 'feel feel', 'あなた', 'i', 'you', '気分', 'hey', '僕', 'ほん', 'gotta', '今日', 'いつも', 'こんな 感じ', '一', '明日', 'そんな', 'oh', 'go', '人', '愛']","['いいんですか いいんですか こんなに人を好きになっていいんですか? いいんですか いいんですか こんなに人を信じてもいいんですか? 大好物はね 鳥の唐揚げ 更に言えばうちのおかんが作る鳥のアンかけ でもどれも勝てない お前にゃ敵わない  お前がおかずならば俺はどんぶりで50杯は 軽くご飯おかわりできるよ だけども んなこと言うと 「じゃあやってみて」とかってお前は言いだすけど  それはあくまでも例えの話でありまして  だどもやれと言われりゃ おいどんも男なわけで 富良野は寒いわけで お前が好きなわけで ちょびっとでも分かってもらいたいわけで  ちなみに、オカズって 変な意味じゃないんで 嫌いにならないでね いいんですか いいんですか こんなに人を好きになっていいんですか? いいんですか いいんですか こんなに人を信じてもいいんですか? いいんですよ いいんですよ あなたが選んだ人ならば いいんですよ いいんですよ あんたが選んだ道ならば 今まで俺は何回お前を泣かせたんだろう それに比べて何回笑わせてやれたんだろう 更には嬉し泣きっていう合わせ技もお前は 持ち合わせているから余計分かんなくなんだよ 「ごめんね」と「ありがとう」を繰り返せばいいんだよ その比率は五分と五分に限りなく近いけど 例えば999999回ずつで最期の 瞬間を迎えたとしよう 「ありがとう」の勝ちはもう間違いない 必ずや到達するよ1000000回 だってさ だってさ だってだってだってさ だって俺のこの世の最期の言葉はあなたに言う「ありがとう」 いいんですか いいんですか こんなに人を好きになっていいんですか? いいんですか いいんですか こんなにのめりこんじゃっていいんですか? いいんですよ いいんですよ あなたが望んだ人ならば いいんですよ いいんですよ あなたが望んだ道ならば あなたといる意味を探したら 明日を生きる答えになったよ 明日を生きる意味を探したら あなたといる答えになったよ いいんですか いいんですか こんなに人を好きになっていいんですか? いいんですか いいんですか こんなに人を信じてもいいんですか? いいんですよ いいんですよ あなたが愛した人ならば いいんですよ いいんですよ いいんですか いいんですか こんなに人を好きになっていいんですか? いいんですか いいんですか こんなに人を信じてもいいんですか? いいんですよ いいんですよ あなたが選んだ人ならば いいんですよ いいんですよ むしろそうであって欲しいんですよ いいんですか いいんですか こんなに人を好きになっていいんですか? いいんですよ いいんですよ あなたが選んだ人ならば あなたが愛した人ならば あなたが望んだ人ならば', '飲み過ぎても 終わり無き今日もさ ビール yes 缶ビール 2日酔いでも 終わり無き明日もさ ビール yes 缶ビール 俺は美少年でなくて ビールボーイ 俺は美少年でなくて ビールボーイ 美少年でなくて ビールボーイ とりあえずじゃねぇ 乗り換えるんじゃねぇ 乾杯から何杯足んない 飲まれても足らない 俺は豊富にホップを含んだ液体 これからも人々を癒していきたい 俺がキングオブ酒 俺の任務 飲むだけ 金色 輝き 一瞬の瞬き つまりb・e・e・rにビ・ビ・リな 俺は美少年でなくて ビールボーイ やけ酒 ダメダメ だがなここで いっちょ宣言 節制してせいぜい長生きするよりも 浴びるほど飲みまくり短命で終りたい これからもきっと一生 ずっと一緒居たい たるみきった腹だから 荒れまくった肌・身体 君と共に夜な夜な過ごしてきたからだ そんな君に言いたい エール送りたい そう拍手喝采 いや麦酒喝采 すきっ腹にも やっぱ 飲むぜビール 胃に浸みる みる間にもう身に染みる 胸の痛みや 悔やみや 抱えた怒りを 洗い流すよう 心満たすよ 飲んでますか 酔ってますか 皆様 飲んで行きますか 酔うか このまま 今宵も君の御供 君がいくらでも飲もうとも 酔おうとも 買って 冷やして 出して 注いで 香り漂って 色よし 泡よし 時に泡なし 御託止めて 飲めばわかる 今日の疲れ飲めば取れる いつものように 楽しい夜に say 飲んで say 飲んで 飲んでって 酔ってて 揉んでって また飲まれて 飲まれ染まれ そんで 飲んでの繰り返しで 泡 その1滴まで 堪能 一気に飲んで 無理して 限界に挑戦 止めとけ 男の美学でなくて ビール学愛せ 美味しく飲んでくれる君に会いたいぜ 飲み過ぎても 終わり無き今日もさ ビール yes 缶ビール 2日酔いでも 終わり無き明日もさ ビール yes 缶ビール 俺は美少年でなくて ビールボーイ 俺は美少年でなくて ビールボーイ 美少年でなくて ビールボーイ 飲めばしっくり それはビックリするほど 喉もと爽快の素 だから今夜も 5時からの友 駆け付けに飲んで 追加も頼もう 時間も そろそろ いい頃だろ 次の店でも また 駆け付けだろ だから今夜も 酔いどれの友 飲んで飲んで飲まれるまで 飲み過ぎても 終わり無き今日もさ ビール yes 缶ビール 2日酔いでも 終わり無き明日もさ ビール yes 缶ビール 俺は美少年でなくて ビールボーイ 俺は美少年でなくて ビールボーイ 美少年でなくて ビールボーイ', '俺ら大体いつも こんな感じ 山より海が好きな感じ 俺ら毎回なぜか こんな感じ とりあえずビールを飲む感じ 俺ら大体いつも こんな感じ 楽しむためなら いつもいい感じ 俺ら毎回なぜか こんな感じ 追い込まれたら 本気出す感じ いい感じで yeah！ いい調子だぜ！ いい雰囲気だね！ everyday everytime いい感じで yeah！ いい返事だぜ！ いい大人がね！ hahahaha 皆で決めた時間でも 誰かが来ない 遅れてくる奴 だいたい同じ 酔えば下ネタ 毎度色気が無いけど もう窓の外に日の出が やっぱやっちゃう バカばっか でも好きさこの仲間が 明日もフレンチにワイン！？ 締めもビールで乾杯ok！！ 「あと1杯！」からが モロに長い 夜明け迎えて 共に笑い 下品な話 男の性 気持ちは今も 子供のまま もう飽きている いつもの男子会 まだまだモテると 勘違い 俺らはいつも こんな感じ 生き方不器用な 損な男子 俺ら大体いつも こんな感じ 山より海が好きな感じ 俺ら毎回なぜか こんな感じ とりあえずビールを飲む感じ 俺ら大体いつも こんな感じ 楽しむためなら いつもいい感じ 俺ら毎回なぜか こんな感じ 追い込まれたら 本気出す感じ 暑くなったら海 ビキニも好き 太陽は罪とか言って 心ブギウギ やっぱ今年もモテない奴 懲りない夏 こう見えて仕事は everytime 真剣・本気！(遊びも本気～！！) 忘れちゃいけないその笑顔 子供心 皆で踊ろう 人に言われりゃ のんびりやる 追い込まれて やっと本気になる 山より海より 女の子 パパパパンティー 食い込み女どこ？ 酒も深くなる から辛くなる 日曜の夜は 暗くなる 不真面目に対し 真面目一途 俺ら楽しむ為に 日々を生きる join us join us 皆こんな感じ 二人より三人がいい感じ 仕事があっても無くても朝帰り 何も無いなら無いで なんだかいい感じ join us join us 皆そんな感じ 今日の議題はあの子のパンティー 毎回結局いつもの打ち上がり 何も無いから集まる なんだかいい感じ やだ、なんで急に暗くなったの？ 違うよほら、 その方が星が綺麗に見れるかなって え～、部屋の中で星って見えるの？ 見えるさ、君っていう綺麗な星がさっ キモ！かなり寒いんですけど。。。 あ！寒い じゃあ一旦エアコン止めるね いやいや、その寒いじゃねぇし。 ほら、 寒いんだったらこっちおいでよ。 でた～、、、 男って大体いつもそんな感じ。 バ～カ 俺ら大体いつも こんな感じ 山より海が好きな感じ 俺ら毎回なぜか こんな感じ とりあえずビールを飲む感じ 俺ら大体いつも こんな感じ 楽しむためなら いつもいい感じ 俺ら毎回なぜか こんな感じ 追い込まれたら 本気出す感じ いい感じで yeah！ いい調子だぜ！ いい雰囲気だね！ everyday everytime いい感じで yeah！ いい返事だぜ！ いい大人がね！ hahahaha いい年なのに 中身中二 いつも下ネタばかり 言うし いくつになっても 変わらない 真面目な顔して 馬鹿話し モテる男が 大キライ そんな奴は 俺のまわりいない 俺ら大体いつも こんな感じ 俺ら毎回いつも そんな感じ']"
